{
  "barData":
  [
    ["Task", "Hours per Day"],
         ["Work",     11],
         ["Eat",      2],
         ["Commute",  2],
         ["Watch TV", 2],
         ["Sleep",    7]
  ],
  "barData1":
  [
    ["Country", "Head count","Attrition count","EWS"],
    ["Germany",700,100,50],
    ["United States",200,100,20],
    ["Brazil",600,100,20],
    ["Canada",300,100,10],
    ["France",300,100,20],
    ["Russia",0,0,0],
    ["India",300,100,20],
    ["Argentina",100,200,20]
  ],
  "GeoData":
  [
["Country", "Head count","Attrition count"],
["Germany", 200,300],
["United States", 300,200],
["Brazil", 400,200],
["Canada", 500,100],
["France", 600,100],
["Russia", 700,100],
["India",400,200],
["Argentina",300,200]
],
"pieData":
[
  ["Task", "Hours per Day"],
       ["Work",     11],
       ["Eat",      2],
       ["Commute",  2],
       ["Watch TV", 2],
       ["Sleep",    7]
],
"columnData":
[
  ["Move", "Percentage"],
  ["King's pawn (e4)", 44],
  ["Queen's pawn (d4)", 31],
  ["Knight to King 3 (Nf3)", 12],
  ["Queen's bishop pawn (c4)", 10],
  ["Other", 3]

],

"ThirdData":
[
  ["Year", "Sales", "Expenses"],
  ["2013",  1000,      400],
  ["2014",  1170,      460],
  ["2015",  660,       1120],
  ["2016",  1030,      540]

],
"histoData":
[
["Country", "Head count","Attrition count"],
["Germany", 200,300],
["United States", 300,200],
["Brazil", 400,200],
["Canada", 500,100],
["France", 600,100],
["Russia", 700,100],
["India",400,200],
["Argentina",300,200]
]
}
